year,period_end_date,is_partial_year,object_class,appeared_count,ended_count,present_any_time_count,present_at_period_end_count
1957,1957-12-31,0,all,3,1,3,2
1957,1957-12-31,0,payload,2,0,2,2
1957,1957-12-31,0,rocket_body,1,1,1,0
1957,1957-12-31,0,component,0,0,0,0
1957,1957-12-31,0,debris,0,0,0,0
1957,1957-12-31,0,unknown,0,0,0,0
1957,1957-12-31,0,spurious,0,0,0,0
1958,1958-12-31,0,all,11,6,13,7
1958,1958-12-31,0,payload,8,5,10,5
1958,1958-12-31,0,rocket_body,2,1,2,1
1958,1958-12-31,0,component,1,0,1,1
1958,1958-12-31,0,debris,0,0,0,0
1958,1958-12-31,0,unknown,0,0,0,0
1958,1958-12-31,0,spurious,0,0,0,0
1959,1959-12-31,0,all,21,11,28,17
1959,1959-12-31,0,payload,15,11,20,9
1959,1959-12-31,0,rocket_body,3,0,4,4
1959,1959-12-31,0,component,3,0,4,4
1959,1959-12-31,0,debris,0,0,0,0
1959,1959-12-31,0,unknown,0,0,0,0
1959,1959-12-31,0,spurious,0,0,0,0
1960,1960-12-31,0,all,52,21,69,48
1960,1960-12-31,0,payload,21,12,30,18
1960,1960-12-31,0,rocket_body,10,3,14,11
1960,1960-12-31,0,component,20,6,24,18
1960,1960-12-31,0,debris,1,0,1,1
1960,1960-12-31,0,unknown,0,0,0,0
1960,1960-12-31,0,spurious,0,0,0,0
1961,1961-12-31,0,all,421,60,469,409
1961,1961-12-31,0,payload,43,26,61,35
1961,1961-12-31,0,rocket_body,13,11,24,13
1961,1961-12-31,0,component,37,15,55,40
1961,1961-12-31,0,debris,328,8,329,321
1961,1961-12-31,0,unknown,0,0,0,0
1961,1961-12-31,0,spurious,0,0,0,0
1962,1962-12-31,0,all,204,149,613,464
1962,1962-12-31,0,payload,82,57,117,60
1962,1962-12-31,0,rocket_body,40,25,53,28
1962,1962-12-31,0,component,40,27,80,53
1962,1962-12-31,0,debris,40,40,361,321
1962,1962-12-31,0,unknown,0,0,0,0
1962,1962-12-31,0,spurious,2,0,2,2
1963,1963-12-31,0,all,323,92,787,695
1963,1963-12-31,0,payload,75,46,135,89
1963,1963-12-31,0,rocket_body,31,21,59,38
1963,1963-12-31,0,component,167,7,220,213
1963,1963-12-31,0,debris,50,18,371,353
1963,1963-12-31,0,unknown,0,0,0,0
1963,1963-12-31,0,spurious,0,0,2,2
1964,1964-12-31,0,all,361,232,1056,824
1964,1964-12-31,0,payload,105,62,194,132
1964,1964-12-31,0,rocket_body,52,32,90,58
1964,1964-12-31,0,component,34,11,247,236
1964,1964-12-31,0,debris,168,127,521,394
1964,1964-12-31,0,unknown,0,0,0,0
1964,1964-12-31,0,spurious,2,0,4,4
1965,1965-12-31,0,all,1321,419,2145,1726
1965,1965-12-31,0,payload,163,81,295,214
1965,1965-12-31,0,rocket_body,89,53,147,94
1965,1965-12-31,0,component,79,30,315,285
1965,1965-12-31,0,debris,990,255,1384,1129
1965,1965-12-31,0,unknown,0,0,0,0
1965,1965-12-31,0,spurious,0,0,4,4
1966,1966-12-31,0,all,597,528,2323,1795
1966,1966-12-31,0,payload,141,97,355,258
1966,1966-12-31,0,rocket_body,96,73,190,117
1966,1966-12-31,0,component,109,65,394,329
1966,1966-12-31,0,debris,251,293,1380,1087
1966,1966-12-31,0,unknown,0,0,0,0
1966,1966-12-31,0,spurious,0,0,4,4
1967,1967-12-31,0,all,427,343,2222,1879
1967,1967-12-31,0,payload,156,97,414,317
1967,1967-12-31,0,rocket_body,111,78,228,150
1967,1967-12-31,0,component,89,65,418,353
1967,1967-12-31,0,debris,71,103,1158,1055
1967,1967-12-31,0,unknown,0,0,0,0
1967,1967-12-31,0,spurious,0,0,4,4
1968,1968-12-31,0,all,629,313,2508,2195
1968,1968-12-31,0,payload,142,108,459,351
1968,1968-12-31,0,rocket_body,95,66,245,179
1968,1968-12-31,0,component,65,42,418,376
1968,1968-12-31,0,debris,327,97,1382,1285
1968,1968-12-31,0,unknown,0,0,0,0
1968,1968-12-31,0,spurious,0,0,4,4
1969,1969-12-31,0,all,620,348,2815,2467
1969,1969-12-31,0,payload,136,102,487,385
1969,1969-12-31,0,rocket_body,94,76,273,197
1969,1969-12-31,0,component,51,45,427,382
1969,1969-12-31,0,debris,339,125,1624,1499
1969,1969-12-31,0,unknown,0,0,0,0
1969,1969-12-31,0,spurious,0,0,4,4
1970,1970-12-31,0,all,904,298,3371,3073
1970,1970-12-31,0,payload,133,91,518,427
1970,1970-12-31,0,rocket_body,98,70,295,225
1970,1970-12-31,0,component,71,48,453,405
1970,1970-12-31,0,debris,602,89,2101,2012
1970,1970-12-31,0,unknown,0,0,0,0
1970,1970-12-31,0,spurious,0,0,4,4
1971,1971-12-31,0,all,625,339,3698,3359
1971,1971-12-31,0,payload,157,84,584,500
1971,1971-12-31,0,rocket_body,109,63,334,271
1971,1971-12-31,0,component,150,123,555,432
1971,1971-12-31,0,debris,209,69,2221,2152
1971,1971-12-31,0,unknown,0,0,0,0
1971,1971-12-31,0,spurious,0,0,4,4
1972,1972-12-31,0,all,420,381,3779,3398
1972,1972-12-31,0,payload,137,78,637,559
1972,1972-12-31,0,rocket_body,111,70,382,312
1972,1972-12-31,0,component,136,115,568,453
1972,1972-12-31,0,debris,36,117,2188,2071
1972,1972-12-31,0,unknown,0,0,0,0
1972,1972-12-31,0,spurious,0,1,4,3
1973,1973-12-31,0,all,896,565,4294,3729
1973,1973-12-31,0,payload,137,80,696,616
1973,1973-12-31,0,rocket_body,113,79,425,346
1973,1973-12-31,0,component,175,146,628,482
1973,1973-12-31,0,debris,471,260,2542,2282
1973,1973-12-31,0,unknown,0,0,0,0
1973,1973-12-31,0,spurious,0,0,3,3
1974,1974-12-31,0,all,441,364,4170,3806
1974,1974-12-31,0,payload,128,67,744,677
1974,1974-12-31,0,rocket_body,114,77,460,383
1974,1974-12-31,0,component,169,158,651,493
1974,1974-12-31,0,debris,30,62,2312,2250
1974,1974-12-31,0,unknown,0,0,0,0
1974,1974-12-31,0,spurious,0,0,3,3
1975,1975-12-31,0,all,1119,502,4925,4423
1975,1975-12-31,0,payload,163,87,840,753
1975,1975-12-31,0,rocket_body,137,81,520,439
1975,1975-12-31,0,component,245,219,738,519
1975,1975-12-31,0,debris,573,115,2823,2708
1975,1975-12-31,0,unknown,0,0,0,0
1975,1975-12-31,0,spurious,1,0,4,4
1976,1976-12-31,0,all,1240,675,5663,4988
1976,1976-12-31,0,payload,187,73,940,867
1976,1976-12-31,0,rocket_body,141,84,580,496
1976,1976-12-31,0,component,205,178,724,546
1976,1976-12-31,0,debris,706,338,3414,3076
1976,1976-12-31,0,unknown,0,0,0,0
1976,1976-12-31,0,spurious,1,2,5,3
1977,1977-12-31,0,all,1108,545,6096,5551
1977,1977-12-31,0,payload,175,106,1042,936
1977,1977-12-31,0,rocket_body,137,91,633,542
1977,1977-12-31,0,component,170,162,716,554
1977,1977-12-31,0,debris,624,183,3700,3517
1977,1977-12-31,0,unknown,0,0,0,0
1977,1977-12-31,0,spurious,2,3,5,2
1978,1978-12-31,0,all,581,541,6132,5591
1978,1978-12-31,0,payload,194,140,1130,990
1978,1978-12-31,0,rocket_body,133,93,675,582
1978,1978-12-31,0,component,158,156,712,556
1978,1978-12-31,0,debris,96,152,3613,3461
1978,1978-12-31,0,unknown,0,0,0,0
1978,1978-12-31,0,spurious,0,0,2,2
1979,1979-12-31,0,all,499,631,6090,5459
1979,1979-12-31,0,payload,158,127,1148,1021
1979,1979-12-31,0,rocket_body,118,98,700,602
1979,1979-12-31,0,component,167,157,723,566
1979,1979-12-31,0,debris,53,248,3514,3266
1979,1979-12-31,0,unknown,0,0,0,0
1979,1979-12-31,0,spurious,3,1,5,4
1980,1980-12-31,0,all,577,590,6036,5446
1980,1980-12-31,0,payload,154,120,1175,1055
1980,1980-12-31,0,rocket_body,117,109,719,610
1980,1980-12-31,0,component,177,177,743,566
1980,1980-12-31,0,debris,128,183,3394,3211
1980,1980-12-31,0,unknown,0,0,0,0
1980,1980-12-31,0,spurious,1,1,5,4
1981,1981-12-31,0,all,1365,636,6811,6175
1981,1981-12-31,0,payload,184,107,1239,1132
1981,1981-12-31,0,rocket_body,138,101,748,647
1981,1981-12-31,0,component,205,195,771,576
1981,1981-12-31,0,debris,837,231,4048,3817
1981,1981-12-31,0,unknown,0,0,0,0
1981,1981-12-31,0,spurious,1,2,5,3
1982,1982-12-31,0,all,688,581,6863,6282
1982,1982-12-31,0,payload,174,104,1306,1202
1982,1982-12-31,0,rocket_body,133,93,780,687
1982,1982-12-31,0,component,192,189,768,579
1982,1982-12-31,0,debris,186,192,4003,3811
1982,1982-12-31,0,unknown,0,0,0,0
1982,1982-12-31,0,spurious,3,3,6,3
1983,1983-12-31,0,all,701,517,6983,6466
1983,1983-12-31,0,payload,226,149,1428,1279
1983,1983-12-31,0,rocket_body,141,93,828,735
1983,1983-12-31,0,component,250,179,829,650
1983,1983-12-31,0,debris,84,93,3895,3802
1983,1983-12-31,0,unknown,0,0,0,0
1983,1983-12-31,0,spurious,0,3,3,0
1984,1984-12-31,0,all,830,592,7296,6704
1984,1984-12-31,0,payload,225,121,1504,1383
1984,1984-12-31,0,rocket_body,148,95,883,788
1984,1984-12-31,0,component,357,291,1007,716
1984,1984-12-31,0,debris,100,85,3902,3817
1984,1984-12-31,0,unknown,0,0,0,0
1984,1984-12-31,0,spurious,0,0,0,0
1985,1985-12-31,0,all,1401,470,8105,7635
1985,1985-12-31,0,payload,203,91,1586,1495
1985,1985-12-31,0,rocket_body,132,79,920,841
1985,1985-12-31,0,component,344,245,1060,815
1985,1985-12-31,0,debris,722,55,4539,4484
1985,1985-12-31,0,unknown,0,0,0,0
1985,1985-12-31,0,spurious,0,0,0,0
1986,1986-12-31,0,all,1056,555,8691,8136
1986,1986-12-31,0,payload,159,66,1654,1588
1986,1986-12-31,0,rocket_body,118,75,959,884
1986,1986-12-31,0,component,216,254,1031,777
1986,1986-12-31,0,debris,563,160,5047,4887
1986,1986-12-31,0,unknown,0,0,0,0
1986,1986-12-31,0,spurious,0,0,0,0
1987,1987-12-31,0,all,941,635,9077,8442
1987,1987-12-31,0,payload,149,88,1737,1649
1987,1987-12-31,0,rocket_body,122,78,1006,928
1987,1987-12-31,0,component,221,214,998,784
1987,1987-12-31,0,debris,449,255,5336,5081
1987,1987-12-31,0,unknown,0,0,0,0
1987,1987-12-31,0,spurious,0,0,0,0
1988,1988-12-31,0,all,758,951,9200,8249
1988,1988-12-31,0,payload,167,117,1816,1699
1988,1988-12-31,0,rocket_body,131,99,1059,960
1988,1988-12-31,0,component,334,289,1118,829
1988,1988-12-31,0,debris,124,446,5205,4759
1988,1988-12-31,0,unknown,0,0,0,0
1988,1988-12-31,0,spurious,2,0,2,2
1989,1989-12-31,0,all,596,1077,8845,7768
1989,1989-12-31,0,payload,194,131,1893,1762
1989,1989-12-31,0,rocket_body,119,105,1079,974
1989,1989-12-31,0,component,192,213,1021,808
1989,1989-12-31,0,debris,91,628,4850,4222
1989,1989-12-31,0,unknown,0,0,0,0
1989,1989-12-31,0,spurious,0,0,2,2
1990,1990-12-31,0,all,683,578,8451,7873
1990,1990-12-31,0,payload,212,125,1974,1849
1990,1990-12-31,0,rocket_body,140,94,1114,1020
1990,1990-12-31,0,component,188,145,996,851
1990,1990-12-31,0,debris,142,211,4364,4153
1990,1990-12-31,0,unknown,0,0,0,0
1990,1990-12-31,0,spurious,1,3,3,0
1991,1991-12-31,0,all,940,572,8813,8241
1991,1991-12-31,0,payload,178,107,2027,1920
1991,1991-12-31,0,rocket_body,99,69,1119,1050
1991,1991-12-31,0,component,211,171,1062,891
1991,1991-12-31,0,debris,451,224,4604,4380
1991,1991-12-31,0,unknown,0,0,0,0
1991,1991-12-31,0,spurious,1,1,1,0
1992,1992-12-31,0,all,766,370,9007,8637
1992,1992-12-31,0,payload,136,95,2056,1961
1992,1992-12-31,0,rocket_body,113,67,1163,1096
1992,1992-12-31,0,component,137,113,1028,915
1992,1992-12-31,0,debris,380,95,4760,4665
1992,1992-12-31,0,unknown,0,0,0,0
1992,1992-12-31,0,spurious,0,0,0,0
1993,1993-12-31,0,all,579,235,9216,8981
1993,1993-12-31,0,payload,112,51,2073,2022
1993,1993-12-31,0,rocket_body,89,48,1185,1137
1993,1993-12-31,0,component,119,87,1034,947
1993,1993-12-31,0,debris,259,49,4924,4875
1993,1993-12-31,0,unknown,0,0,0,0
1993,1993-12-31,0,spurious,0,0,0,0
1994,1994-12-31,0,all,457,192,9438,9246
1994,1994-12-31,0,payload,124,37,2146,2109
1994,1994-12-31,0,rocket_body,101,53,1238,1185
1994,1994-12-31,0,component,101,71,1048,977
1994,1994-12-31,0,debris,131,31,5006,4975
1994,1994-12-31,0,unknown,0,0,0,0
1994,1994-12-31,0,spurious,0,0,0,0
1995,1995-12-31,0,all,281,188,9527,9339
1995,1995-12-31,0,payload,101,45,2210,2165
1995,1995-12-31,0,rocket_body,76,43,1261,1218
1995,1995-12-31,0,component,90,59,1067,1008
1995,1995-12-31,0,debris,14,41,4989,4948
1995,1995-12-31,0,unknown,0,0,0,0
1995,1995-12-31,0,spurious,0,0,0,0
1996,1996-12-31,0,all,1115,258,10454,10196
1996,1996-12-31,0,payload,98,35,2263,2228
1996,1996-12-31,0,rocket_body,83,45,1301,1256
1996,1996-12-31,0,component,112,63,1120,1057
1996,1996-12-31,0,debris,822,115,5770,5655
1996,1996-12-31,0,unknown,0,0,0,0
1996,1996-12-31,0,spurious,0,0,0,0
1997,1997-12-31,0,all,371,435,10567,10132
1997,1997-12-31,0,payload,156,45,2384,2339
1997,1997-12-31,0,rocket_body,89,48,1345,1297
1997,1997-12-31,0,component,76,91,1133,1042
1997,1997-12-31,0,debris,48,249,5703,5454
1997,1997-12-31,0,unknown,0,0,0,0
1997,1997-12-31,0,spurious,2,2,2,0
1998,1998-12-31,0,all,528,412,10660,10248
1998,1998-12-31,0,payload,157,44,2496,2452
1998,1998-12-31,0,rocket_body,83,67,1380,1313
1998,1998-12-31,0,component,91,101,1133,1032
1998,1998-12-31,0,debris,196,199,5650,5451
1998,1998-12-31,0,unknown,0,0,0,0
1998,1998-12-31,0,spurious,1,1,1,0
1999,1999-12-31,0,all,423,456,10671,10215
1999,1999-12-31,0,payload,128,44,2580,2536
1999,1999-12-31,0,rocket_body,91,77,1404,1327
1999,1999-12-31,0,component,63,77,1095,1018
1999,1999-12-31,0,debris,141,258,5592,5334
1999,1999-12-31,0,unknown,0,0,0,0
1999,1999-12-31,0,spurious,0,0,0,0
2000,2000-12-31,0,all,634,420,10849,10429
2000,2000-12-31,0,payload,130,59,2666,2607
2000,2000-12-31,0,rocket_body,92,79,1419,1340
2000,2000-12-31,0,component,60,64,1078,1014
2000,2000-12-31,0,debris,352,218,5686,5468
2000,2000-12-31,0,unknown,0,0,0,0
2000,2000-12-31,0,spurious,0,0,0,0
2001,2001-12-31,0,all,701,493,11130,10637
2001,2001-12-31,0,payload,86,125,2693,2568
2001,2001-12-31,0,rocket_body,65,66,1405,1339
2001,2001-12-31,0,component,45,73,1059,986
2001,2001-12-31,0,debris,505,229,5973,5744
2001,2001-12-31,0,unknown,0,0,0,0
2001,2001-12-31,0,spurious,0,0,0,0
2002,2002-12-31,0,all,241,522,10878,10356
2002,2002-12-31,0,payload,89,48,2657,2609
2002,2002-12-31,0,rocket_body,63,65,1402,1337
2002,2002-12-31,0,component,57,57,1043,986
2002,2002-12-31,0,debris,32,352,5776,5424
2002,2002-12-31,0,unknown,0,0,0,0
2002,2002-12-31,0,spurious,0,0,0,0
2003,2003-12-31,0,all,430,320,10786,10466
2003,2003-12-31,0,payload,90,38,2699,2661
2003,2003-12-31,0,rocket_body,71,46,1408,1362
2003,2003-12-31,0,component,53,30,1039,1009
2003,2003-12-31,0,debris,216,206,5640,5434
2003,2003-12-31,0,unknown,0,0,0,0
2003,2003-12-31,0,spurious,0,0,0,0
2004,2004-12-31,0,all,440,207,10906,10699
2004,2004-12-31,0,payload,72,23,2733,2710
2004,2004-12-31,0,rocket_body,64,49,1426,1377
2004,2004-12-31,0,component,73,40,1082,1042
2004,2004-12-31,0,debris,231,95,5665,5570
2004,2004-12-31,0,unknown,0,0,0,0
2004,2004-12-31,0,spurious,0,0,0,0
2005,2005-12-31,0,all,347,229,11046,10817
2005,2005-12-31,0,payload,71,30,2781,2751
2005,2005-12-31,0,rocket_body,55,40,1432,1392
2005,2005-12-31,0,component,59,43,1101,1058
2005,2005-12-31,0,debris,162,116,5732,5616
2005,2005-12-31,0,unknown,0,0,0,0
2005,2005-12-31,0,spurious,0,0,0,0
2006,2006-12-31,0,all,624,299,11441,11142
2006,2006-12-31,0,payload,93,40,2844,2804
2006,2006-12-31,0,rocket_body,65,33,1457,1424
2006,2006-12-31,0,component,69,37,1127,1090
2006,2006-12-31,0,debris,397,189,6013,5824
2006,2006-12-31,0,unknown,0,0,0,0
2006,2006-12-31,0,spurious,0,0,0,0
2007,2007-12-31,0,all,4088,229,15230,15001
2007,2007-12-31,0,payload,110,47,2914,2867
2007,2007-12-31,0,rocket_body,69,38,1493,1455
2007,2007-12-31,0,component,63,34,1153,1119
2007,2007-12-31,0,debris,3846,110,9670,9560
2007,2007-12-31,0,unknown,0,0,0,0
2007,2007-12-31,0,spurious,0,0,0,0
2008,2008-12-31,0,all,1008,758,16009,15251
2008,2008-12-31,0,payload,101,30,2968,2938
2008,2008-12-31,0,rocket_body,67,33,1522,1489
2008,2008-12-31,0,component,74,32,1193,1161
2008,2008-12-31,0,debris,766,663,10326,9663
2008,2008-12-31,0,unknown,0,0,0,0
2008,2008-12-31,0,spurious,0,0,0,0
2009,2009-12-31,0,all,2750,338,18001,17663
2009,2009-12-31,0,payload,123,49,3061,3012
2009,2009-12-31,0,rocket_body,75,40,1564,1524
2009,2009-12-31,0,component,69,25,1230,1205
2009,2009-12-31,0,debris,2483,224,12146,11922
2009,2009-12-31,0,unknown,0,0,0,0
2009,2009-12-31,0,spurious,0,0,0,0
2010,2010-12-31,0,all,561,403,18224,17821
2010,2010-12-31,0,payload,118,47,3130,3083
2010,2010-12-31,0,rocket_body,66,31,1590,1559
2010,2010-12-31,0,component,74,33,1279,1246
2010,2010-12-31,0,debris,303,292,12225,11933
2010,2010-12-31,0,unknown,0,0,0,0
2010,2010-12-31,0,spurious,0,0,0,0
2011,2011-12-31,0,all,351,524,18172,17648
2011,2011-12-31,0,payload,128,55,3211,3156
2011,2011-12-31,0,rocket_body,73,47,1632,1585
2011,2011-12-31,0,component,88,43,1334,1291
2011,2011-12-31,0,debris,62,379,11995,11616
2011,2011-12-31,0,unknown,0,0,0,0
2011,2011-12-31,0,spurious,0,0,0,0
2012,2012-12-31,0,all,497,497,18145,17648
2012,2012-12-31,0,payload,135,52,3291,3239
2012,2012-12-31,0,rocket_body,69,44,1654,1610
2012,2012-12-31,0,component,70,48,1361,1313
2012,2012-12-31,0,debris,223,353,11839,11486
2012,2012-12-31,0,unknown,0,0,0,0
2012,2012-12-31,0,spurious,0,0,0,0
2013,2013-12-31,0,all,436,477,18084,17607
2013,2013-12-31,0,payload,208,44,3447,3403
2013,2013-12-31,0,rocket_body,71,44,1681,1637
2013,2013-12-31,0,component,72,47,1385,1338
2013,2013-12-31,0,debris,85,342,11571,11229
2013,2013-12-31,0,unknown,0,0,0,0
2013,2013-12-31,0,spurious,0,0,0,0
2014,2014-12-31,0,all,577,706,18184,17478
2014,2014-12-31,0,payload,240,110,3643,3533
2014,2014-12-31,0,rocket_body,79,51,1716,1665
2014,2014-12-31,0,component,63,47,1401,1354
2014,2014-12-31,0,debris,195,498,11424,10926
2014,2014-12-31,0,unknown,0,0,0,0
2014,2014-12-31,0,spurious,0,0,0,0
2015,2015-12-31,0,all,1099,497,18577,18080
2015,2015-12-31,0,payload,227,87,3760,3673
2015,2015-12-31,0,rocket_body,77,40,1742,1702
2015,2015-12-31,0,component,46,41,1400,1359
2015,2015-12-31,0,debris,749,329,11675,11346
2015,2015-12-31,0,unknown,0,0,0,0
2015,2015-12-31,0,spurious,0,0,0,0
2016,2016-12-31,0,all,463,298,18543,18245
2016,2016-12-31,0,payload,221,91,3894,3803
2016,2016-12-31,0,rocket_body,75,42,1777,1735
2016,2016-12-31,0,component,54,42,1413,1371
2016,2016-12-31,0,debris,113,123,11459,11336
2016,2016-12-31,0,unknown,0,0,0,0
2016,2016-12-31,0,spurious,0,0,0,0
2017,2017-12-31,0,all,595,221,18840,18619
2017,2017-12-31,0,payload,456,70,4259,4189
2017,2017-12-31,0,rocket_body,68,37,1803,1766
2017,2017-12-31,0,component,55,28,1426,1398
2017,2017-12-31,0,debris,16,86,11352,11266
2017,2017-12-31,0,unknown,0,0,0,0
2017,2017-12-31,0,spurious,0,0,0,0
2018,2018-12-31,0,all,841,266,19460,19194
2018,2018-12-31,0,payload,450,124,4639,4515
2018,2018-12-31,0,rocket_body,96,35,1862,1827
2018,2018-12-31,0,component,86,35,1484,1449
2018,2018-12-31,0,debris,209,72,11475,11403
2018,2018-12-31,0,unknown,0,0,0,0
2018,2018-12-31,0,spurious,0,0,0,0
2019,2019-12-31,0,all,1081,339,20275,19936
2019,2019-12-31,0,payload,459,91,4974,4883
2019,2019-12-31,0,rocket_body,85,57,1912,1855
2019,2019-12-31,0,component,45,24,1494,1470
2019,2019-12-31,0,debris,491,167,11894,11727
2019,2019-12-31,0,unknown,0,0,0,0
2019,2019-12-31,0,spurious,1,0,1,1
2020,2020-12-31,0,all,2164,441,22100,21659
2020,2020-12-31,0,payload,1274,122,6157,6035
2020,2020-12-31,0,rocket_body,72,50,1927,1877
2020,2020-12-31,0,component,100,86,1570,1484
2020,2020-12-31,0,debris,718,182,12445,12263
2020,2020-12-31,0,unknown,0,0,0,0
2020,2020-12-31,0,spurious,0,1,1,0
2021,2021-12-31,0,all,4065,548,25724,25176
2021,2021-12-31,0,payload,1805,177,7840,7663
2021,2021-12-31,0,rocket_body,91,60,1968,1908
2021,2021-12-31,0,component,111,85,1595,1510
2021,2021-12-31,0,debris,2058,226,14321,14095
2021,2021-12-31,0,unknown,0,0,0,0
2021,2021-12-31,0,spurious,0,0,0,0
2022,2022-12-31,0,all,3614,2511,28790,26279
2022,2022-12-31,0,payload,2439,384,10102,9718
2022,2022-12-31,0,rocket_body,111,71,2019,1948
2022,2022-12-31,0,component,209,231,1719,1488
2022,2022-12-31,0,debris,855,1825,14950,13125
2022,2022-12-31,0,unknown,0,0,0,0
2022,2022-12-31,0,spurious,0,0,0,0
2023,2023-12-31,0,all,3277,2081,29556,27475
2023,2023-12-31,0,payload,2900,684,12618,11934
2023,2023-12-31,0,rocket_body,120,92,2068,1976
2023,2023-12-31,0,component,144,201,1632,1431
2023,2023-12-31,0,debris,113,1104,13238,12134
2023,2023-12-31,0,unknown,0,0,0,0
2023,2023-12-31,0,spurious,0,0,0,0
2024,2024-12-31,0,all,3798,2241,31273,29032
2024,2024-12-31,0,payload,2832,1122,14766,13644
2024,2024-12-31,0,rocket_body,128,123,2104,1981
2024,2024-12-31,0,component,29,89,1460,1371
2024,2024-12-31,0,debris,808,907,12942,12035
2024,2024-12-31,0,unknown,0,0,0,0
2024,2024-12-31,0,spurious,1,0,1,1
2025,2025-12-31,0,all,4680,1968,33712,31744
2025,2025-12-31,0,payload,4506,1187,18150,16963
2025,2025-12-31,0,rocket_body,143,110,2124,2014
2025,2025-12-31,0,component,22,41,1393,1352
2025,2025-12-31,0,debris,8,628,12043,11415
2025,2025-12-31,0,unknown,0,0,0,0
2025,2025-12-31,0,spurious,1,2,2,0
2026,2026-06-27,1,all,2405,658,34149,33491
2026,2026-06-27,1,payload,2314,435,19277,18842
2026,2026-06-27,1,rocket_body,64,52,2078,2026
2026,2026-06-27,1,component,13,20,1365,1345
2026,2026-06-27,1,debris,14,151,11429,11278
2026,2026-06-27,1,unknown,0,0,0,0
2026,2026-06-27,1,spurious,0,0,0,0
