internationalDesignator,noradCatalogNumber,breakupDateUtc,assessedCause,debrisCatalogedAtPublication
1961-015C,118,1961-06-29,PROPULSION,317
1962-057A,443,1962-10-29,PROPULSION,24
1963-047A,694,1963-11-27,PROPULSION,19
1964-070A,919,1964-11-05,DELIBERATE,96
1965-012A,1093,1965-02-22,DELIBERATE,167
1965-020D,1270,1965-03-15,UNKNOWN,147
1965-082DM,1822,1965-10-15,PROPULSION,473
1965-108A,1863,1965-12-21,PROPULSION,109
1965-088A,1706,1966-01-15,UNKNOWN,1
1966-012C,2015,1966-02-15,UNKNOWN,38
1966-059A,2289,1966-07-05,DELIBERATE,34
1966-088A,2437,1966-09-17,DELIBERATE,52
1966-101A,2536,1966-11-02,DELIBERATE,41
1968-003A,3099,1968-01-24,DELIBERATE,3
1968-025B,3171,1968-04-13,PROPULSION,16
1968-091A,3504,1968-10-20,DELIBERATE,108
1968-090A,3503,1968-11-01,"COLLISION, DELIBERATE",5
1968-097A,3530,1968-11-01,DELIBERATE,139
1969-029B,3836,1969-03-28,UNKNOWN,37
1969-064B,4052,1969-07-26,PROPULSION,22
1969-082AB,4159,1969-10-04,UNKNOWN,262
1970-025C,4367,1970-10-17,UNKNOWN,442
1970-089A,4594,1970-10-23,DELIBERATE,99
1970-091A,4598,1970-10-30,DELIBERATE,47
1971-015A,4964,1971-02-25,DELIBERATE,116
1971-106A,5646,1971-12-03,DELIBERATE,25
1973-017B,6399,1973-04-03,PROPULSION,25
1973-021A,6432,1973-05-06,DELIBERATE,193
1968-114B,3616,1973-11-15,PROPULSION,20
1973-086B,6921,1973-12-28,PROPULSION,222
1974-103A,7587,1975-04-17,UNKNOWN,50
1972-058B,6127,1975-05-22,PROPULSION,245
1966-056A,2253,1975-07-12,UNKNOWN,79
1974-089D,7532,1975-08-20,PROPULSION,185
1975-080A,8191,1975-09-06,DELIBERATE,76
1975-102A,8416,1976-01-25,UNKNOWN,62
1975-004B,7616,1976-02-09,PROPULSION,207
1976-072A,9046,1976-07-25,DELIBERATE,248
1976-126A,9634,1976-12-27,DELIBERATE,76
1976-123A,9614,1976-12-29,DELIBERATE,2
1976-105A,9495,1977-03-15,DELIBERATE,13
1976-063A,8932,1977-05-17,UNKNOWN,40
1977-065B,10144,1977-07-14,PROPULSION,177
1976-067A,9011,1977-09-29,BATTERY,70
1977-068A,10150,1977-10-24,DELIBERATE,6
1977-121A,10531,1977-12-21,DELIBERATE,70
1976-077B,9063,1977-12-24,PROPULSION,185
1977-027A,9911,1978-06-08,DELIBERATE,6
1977-092A,10365,1978-06-23,BATTERY,5
1978-083A,11015,1978-10-10,DELIBERATE,13
1976-120A,9601,1978-11-27,BATTERY,49
1977-047A,10059,1979-03-30,DELIBERATE,17
1979-077A,11509,1979-09-09,DELIBERATE,6
1979-033A,11333,1979-09-17,UNKNOWN,1
1979-101A,11635,1979-12-11,PROPULSION,27
1980-030A,11765,1980-04-18,DELIBERATE,46
1980-050A,11844,1980-08-26,DELIBERATE,8
1978-026C,10704,1981-01-27,PROPULSION,249
1979-087A,11561,1981-04-23,BATTERY,1
1980-057A,11871,1981-05-14,DELIBERATE,11
1980-021A,11729,1981-07-15,UNKNOWN,12
1981-053A,12504,1981-07-24,BATTERY,479
1981-088F,12827,1981-09-11,PROPULSION,8
1981-016A,12303,1981-10-20,DELIBERATE,8
1981-071A,12627,1981-11-21,DELIBERATE,25
1978-098B,11081,1981-12-26,PROPULSION,2
1981-028A,12364,1982-05-08,UNKNOWN,68
1980-089A,12054,1982-06-20,UNKNOWN,83
1981-089A,12828,1982-07-12,UNKNOWN,8
1981-072A,12631,1982-09-29,UNKNOWN,2
1982-115E,13696,1982-12-08,PROPULSION,29
1980-085A,12032,1983-02-12,DELIBERATE,10
1983-070A,14182,1983-07-09,DELIBERATE,9
1982-038A,13150,1983-08-08,UNKNOWN,29
1983-038A,14034,1983-08-13,DELIBERATE,4
1982-088A,13508,1983-12-20,UNKNOWN,32
1982-093A,13554,1983-12-23,BATTERY,1
1984-011F,14694,1984-02-03,PROPULSION,14
1984-011E,14693,1984-02-06,PROPULSION,3
1982-029A,13124,1984-09-02,DELIBERATE,11
1983-020B,13902,1984-09-03,PROPULSION,1
1984-114C,15388,1984-11-20,PROPULSION,3
1983-044A,14064,1985-03-11,UNKNOWN,189
1985-039A,15734,1985-06-21,DELIBERATE,18
1979-017A,11278,1985-09-13,"COLLISION, DELIBERATE",285
1982-055A,13259,1985-10-21,BATTERY,62
1985-094B,16139,1985-11-22,BATTERY,21
1985-121F,16439,1985-12-28,PROPULSION,2
1983-022A,13923,1985-12-30,BATTERY,7
1984-083A,15167,1986-02-23,UNKNOWN,45
1986-069A,16937,1986-09-05,"COLLISION, DELIBERATE",13
1986-069B,16938,1986-09-05,"COLLISION, DELIBERATE",5
1986-019C,16615,1986-11-13,PROPULSION,498
1985-082A,16054,1986-12-18,UNKNOWN,23
1987-004A,17297,1987-01-29,DELIBERATE,195
1987-059A,18184,1987-07-26,DELIBERATE,9
1986-059A,16895,1987-09-21,UNKNOWN,4
1985-030A,15653,1987-11-20,UNKNOWN,24
1987-020A,17535,1987-12-17,BATTERY,150
1985-042E,15773,1988-01-05,PROPULSION,6
1987-108A,18713,1988-01-31,DELIBERATE,37
1988-007A,18823,1988-02-27,DELIBERATE,1
1978-100D,11087,1988-05-09,PROPULSION,42
1989-054A,20124,1989-07-28,DELIBERATE,1
1989-056A,20136,1989-08-31,DELIBERATE,9
1990-081D,20791,1990-10-04,PROPULSION,103
1990-087A,20828,1990-11-30,DELIBERATE,4
1990-105A,20978,1990-12-01,PROPULSION,30
1983-127H,14608,1991-02-04,PROPULSION,8
1991-009J,21108,1991-03-05,PROPULSION,112
1975-052B,7946,1991-05-01,PROPULSION,308
1991-071A,21741,1991-12-06,DELIBERATE,1
1988-023A,18985,1991-12-23,"COLLISION, ACCIDENTAL",3
1985-118L,16446,1991-12-29,PROPULSION,17
1968-081E,3432,1992-02-21,PROPULSION,29
1984-106F,15338,1992-09-05,PROPULSION,23
1989-004E,19771,1992-12-17,PROPULSION,1
1992-093B,22285,1992-12-26,PROPULSION,280
1989-052F,20116,1993-01-12,PROPULSION,2
1992-091A,22280,1993-02-18,DELIBERATE,6
1993-016B,22566,1993-03-28,PROPULSION,104
1992-021C,21941,1993-04-21,PROPULSION,18
1993-028A,22641,1993-04-27,DELIBERATE,1
1993-045A,22716,1993-07-25,DELIBERATE,1
1983-075A,14207,1993-10-18,UNKNOWN,51
1993-057A,22789,1993-12-18,DELIBERATE,1
1994-004B,22974,1994-02-07,PROPULSION,1
1991-015C,21141,1994-04-27,PROPULSION,12
1991-010D,21114,1994-05-07,PROPULSION,4
1992-047H,22067,1994-11-08,PROPULSION,4
1993-018A,22585,1994-12-01,UNKNOWN,1
1994-085B,23440,1994-12-26,UNKNOWN,26
1994-069E,23338,1995-05-11,PROPULSION,1
1994-038F,23174,1995-10-21,PROPULSION,2
1990-102E,20957,1995-12-14,PROPULSION,2
1996-010D,23797,1996-02-19,PROPULSION,1
1994-029B,23106,1996-06-03,PROPULSION,754
1995-033B,23606,1996-07-24,"COLLISION, ACCIDENTAL",2
1987-079G,18374,1996-12-01,PROPULSION,14
1987-109E,18719,1997-05-22,PROPULSION,1
1995-028A,23596,1997-06-26,UNKNOWN,13
1997-024A,24805,1997-09-16,DELIBERATE,1
1987-062A,18214,1997-11-27,UNKNOWN,2
1997-086D,25129,1997-12-25,PROPULSION,1
1987-068B,18313,1998-02-15,PROPULSION,108
1988-109C,19689,1998-02-17,PROPULSION,19
1998-011B,25176,1998-02-21,PROPULSION,1
1990-110H,21013,1998-03-14,PROPULSION,3
1989-001G,19755,1998-08-03,PROPULSION,16
1985-037G,15714,1998-11-29,PROPULSION,4
1988-085G,19537,1999-03-09,PROPULSION,1
1990-045G,20631,1999-03-28,PROPULSION,2
1989-100B,20390,1999-04-18,PROPULSION,26
1982-025A,13113,1999-05-29,UNKNOWN,53
1991-068G,21734,1999-10-09,PROPULSION,40
1997-079A,25088,1999-11-22,UNKNOWN,9
1996-034F,23887,1999-12-13,PROPULSION,1
1999-057C,25942,2000-03-11,PROPULSION,347
1993-072E,22925,2000-09-06,PROPULSION,1
1995-037K,23631,2000-11-21,PROPULSION,1
1989-006B,19773,2001-01-01,PROPULSION,87
1991-025G,21226,2001-06-16,PROPULSION,2
1992-082F,22250,2001-07-14,PROPULSION,1
1999-072A,26040,2001-11-21,UNKNOWN,17
2001-049D,26960,2001-12-19,PROPULSION,372
1991-075B,21766,2001-12-24,PROPULSION,14
1988-040B,19122,2002-07-09,PROPULSION,8
1990-110G,21012,2003-02-21,PROPULSION,3
1987-079H,18375,2003-04-23,PROPULSION,42
1988-085F,19535,2003-08-04,PROPULSION,79
1989-001H,19856,2003-11-13,PROPULSION,1
2003-035A,27856,2003-12-09,DELIBERATE,22
2001-057A,27053,2004-02-28,UNKNOWN,14
1991-082A,21798,2004-04-15,UNKNOWN,85
1992-047G,22066,2004-07-10,PROPULSION,34
2002-037F,27475,2004-10-29,PROPULSION,1
1974-015B,7219,2005-01-17,"COLLISION, ACCIDENTAL",7
2002-037E,27474,2005-06-01,PROPULSION,61
1988-005A,18820,2005-06-21,UNKNOWN,48
1985-108B,16263,2006-05-04,PROPULSION,50
1989-039G,20081,2006-06-10,PROPULSION,120
2006-002B,28932,2006-08-08,UNKNOWN,24
2006-050B,29523,2006-11-04,UNKNOWN,65
2006-039A,29402,2006-11-17,DELIBERATE,31
1989-089B,20323,2006-12-03,UNKNOWN,26
2006-037B,29394,2006-12-28,UNKNOWN,10
1999-025A,25730,2007-01-11,"COLLISION, DELIBERATE",3532
2007-003B,30324,2007-02-02,UNKNOWN,40
1997-070F,25054,2007-02-14,PROPULSION,7
1999-057A,25940,2007-02-18,UNKNOWN,88
2006-006B,28944,2007-02-19,PROPULSION,107
2007-054B,32288,2007-11-11,UNKNOWN,32
2006-057A,29651,2008-02-21,"COLLISION, DELIBERATE",175
2006-026A,29247,2008-03-14,UNKNOWN,509
1993-036A,22675,2009-02-10,"COLLISION, ACCIDENTAL",1714
1997-051C,24946,2009-02-10,"COLLISION, ACCIDENTAL",657
1991-025F,21220,2009-03-08,PROPULSION,33
1967-116A,3047,2009-08-30,UNKNOWN,4
2006-015A,29092,2010-02-04,UNKNOWN,8
2010-042B,37151,2010-09-04,UNKNOWN,31
2008-011B,32709,2010-10-13,PROPULSION,123
2010-057B,37211,2010-11-01,UNKNOWN,62
2007-005E,30590,2010-12-23,UNKNOWN,4
2007-065G,32399,2011-08-18,PROPULSION,1
1990-045F,20630,2011-11-17,PROPULSION,2
2012-008B,38092,2012-02-26,UNKNOWN,42
2012-044C,38746,2012-10-16,PROPULSION,118
2013-055G,39271,2013-09-29,PROPULSION,16
1999-008D,25637,2014-04-28,UNKNOWN,8
2007-029A,31792,2014-05-10,UNKNOWN,10
2008-046H,33385,2014-05-20,PROPULSION,12
1994-076G,23402,2014-06-07,PROPULSION,2
2010-007G,36406,2014-07-09,PROPULSION,13
2007-052F,32280,2014-08-13,PROPULSION,26
1995-015A,23533,2015-02-03,BATTERY,238
2015-024B,40620,2015-04-28,UNKNOWN,21
2000-055A,26536,2015-11-25,UNKNOWN,458
2012-026B,38343,2015-12-23,UNKNOWN,11
2015-075B,41122,2016-01-16,UNKNOWN,7
2008-067G,33472,2016-03-26,PROPULSION,6
2016-012A,41337,2016-03-26,PROPULSION,14
2008-067H,33473,2016-06-01,PROPULSION,12
2009-018A,34779,2016-06-29,UNKNOWN,1
2006-062G,29680,2016-07-27,PROPULSION,9
2014-016A,39634,2016-08-23,"COLLISION, ACCIDENTAL",9
2010-041G,37143,2017-09-03,PROPULSION,10
2017-086C,43089,2018-02-12,UNKNOWN,5
1969-013B,3692,2018-02-28,UNKNOWN,19
2010-007H,36407,2018-05-22,PROPULSION,20
2005-050F,28920,2018-08-24,PROPULSION,2
2014-055B,40209,2018-08-31,UNKNOWN,105
1998-046E,25417,2018-12-22,UNKNOWN,14
2019-006A,43947,2019-03-27,"COLLISION, DELIBERATE",130
2018-079B,43652,2019-04-06,UNKNOWN,181
1976-023F,8751,2019-05-07,UNKNOWN,1
1992-052D,22079,2019-07-22,UNKNOWN,11
2006-062H,29682,2019-10-23,PROPULSION,3
2013-076E,39497,2019-12-23,UNKNOWN,27
2019-039A,44421,2020-01-09,UNKNOWN,18
1991-056B,21656,2020-02-12,UNKNOWN,112
2011-037B,37756,2020-05-08,UNKNOWN,334
2018-084C,43673,2020-07-12,UNKNOWN,88
1994-074A,23342,2020-08-27,UNKNOWN,141
2002-032A,27453,2021-03-10,UNKNOWN,115
2019-063A,44547,2021-03-18,"COLLISION, ACCIDENTAL",38
2014-028E,39765,2021-10-23,UNKNOWN,23
1982-092A,13552,2021-11-15,"COLLISION, DELIBERATE",1760
2007-065F,32398,2022-04-15,PROPULSION,1
